classmark,location
AA,Middle Floor
AB,Middle Floor
AC,Middle Floor
AD,Middle Floor
AE,Middle Floor
AF,Middle Floor
AG,Middle Floor
AH,Middle Floor
AI,Middle Floor
AJ,Middle Floor
AK,Middle Floor
AL,Middle Floor
AM,Middle Floor
AN,Middle Floor
AO,Middle Floor
AP,Middle Floor
AQ,Middle Floor
AR,Middle Floor
AS,Middle Floor
AT,Middle Floor
AU,Middle Floor
AV,Middle Floor
AW,Middle Floor
AX,Middle Floor
AY,Middle Floor
AZ,Middle Floor
BA,Middle Floor
BB,Middle Floor
BC,Middle Floor
BD,Middle Floor
BE,Middle Floor
BF,Middle Floor
BG,Middle Floor
BH,Middle Floor
BI,Middle Floor
BJ,Middle Floor
BK,Middle Floor
BL,Middle Floor
BM,Middle Floor
BN,Middle Floor
BO,Middle Floor
BP,Middle Floor
BQ,Middle Floor
BR,Middle Floor
BS,Middle Floor
BT,Middle Floor
BU,Middle Floor
BV,Middle Floor
BW,Middle Floor
BX,Middle Floor
BY,Middle Floor
BZ,Middle Floor
CA,Middle Floor
CB,Middle Floor
CC,Middle Floor
CD,Middle Floor
CE,Middle Floor
CF,Middle Floor
CG,Middle Floor
CH,Middle Floor
CI,Middle Floor
CJ,Middle Floor
CK,Middle Floor
CL,Middle Floor
CM,Middle Floor
CN,Middle Floor
CO,Middle Floor
CP,Middle Floor
CQ,Middle Floor
CR,Middle Floor
CS,Middle Floor
CT,Middle Floor
CU,Middle Floor
CV,Middle Floor
CW,Middle Floor
CX,Middle Floor
CY,Middle Floor
CZ,Middle Floor
DA,Middle Floor
DB,Middle Floor
DC,Middle Floor
DD,Middle Floor
DE,Middle Floor
DF,Middle Floor
DG,Middle Floor
DH,Middle Floor
DI,Middle Floor
DJ,Middle Floor
DK,Middle Floor
DL,Middle Floor
DM,Middle Floor
DN,Middle Floor
DO,Middle Floor
DP,Middle Floor
DQ,Middle Floor
DR,Middle Floor
DS,Middle Floor
JX,Ground Floor
JY,Ground Floor
JZ,Ground Floor
KA,Ground Floor
KB,Ground Floor
KC,Ground Floor
KD,Ground Floor
KE,Ground Floor
KF,Ground Floor
KG,Ground Floor
KH,Ground Floor
KI,Ground Floor
KJ,Ground Floor
KK,Ground Floor
KL,Ground Floor
KM,Ground Floor
KN,Ground Floor
KO,Ground Floor
KP,Ground Floor
KQ,Ground Floor
KR,Ground Floor
KS,Ground Floor
KT,Ground Floor
KU,Ground Floor
KV,Ground Floor
KW,Ground Floor
KX,Ground Floor
KY,Ground Floor
KZ,Ground Floor
DT,Top Floor Front Left
DU,Top Floor Front Left
DV,Top Floor Front Left
DW,Top Floor Front Left
DX,Top Floor Front Left
DY,Top Floor Front Left
DZ,Top Floor Front Left
EA,Top Floor Front Left
EB,Top Floor Front Left
EC,Top Floor Front Left
ED,Top Floor Front Left
EE,Top Floor Front Left
EF,Top Floor Front Left
EG,Top Floor Front Left
EH,Top Floor Front Left
EI,Top Floor Front Left
EJ,Top Floor Front Left
EK,Top Floor Front Left
EL,Top Floor Front Left
EM,Top Floor Front Left
EN,Top Floor Front Left
EO,Top Floor Front Left
EP,Top Floor Front Left
EQ,Top Floor Front Left
ER,Top Floor Front Left
ES,Top Floor Front Left
ET,Top Floor Front Left
EU,Top Floor Front Left
EV,Top Floor Front Left
EW,Top Floor Front Left
EX,Top Floor Front Left
EY,Top Floor Front Left
EZ,Top Floor Front Left
FA,Top Floor Front Left
FB,Top Floor Front Left
FC,Top Floor Front Left
FD,Top Floor Front Left
FE,Top Floor Front Left
FF,Top Floor Front Left
FG,Top Floor Front Left
FH,Top Floor Front Left
FI,Top Floor Front Left
FJ,Top Floor Front Left
FK,Top Floor Front Left
FL,Top Floor Front Left
FM,Top Floor Front Left
FN,Top Floor Front Left
FO,Top Floor Front Left
FP,Top Floor Front Left
FQ,Top Floor Front Left
FR,Top Floor Front Left
FS,Top Floor Front Left
FT,Top Floor Front Left
FU,Top Floor Front Left
FV,Top Floor Front Left
FW,Top Floor Front Left
FX,Top Floor Front Left
FY,Top Floor Front Left
FZ,Top Floor Front Left
GA,Top Floor Front Left
GB,Top Floor Front Left
GC,Top Floor Front Left
GD,Top Floor Front Left
GE,Top Floor Front Left
GF,Top Floor Front Left
GG,Top Floor Front Left
GH,Top Floor Front Left
GI,Top Floor Front Left
GJ,Top Floor Front Left
GK,Top Floor Front Left
GL,Top Floor Front Left
GM,Top Floor Front Left
GN,Top Floor Front Left
GO,Top Floor Front Left
GP,Top Floor Front Left
GQ,Top Floor Front Left
GR,Top Floor Front Left
GS,Top Floor Front Left
GT,Top Floor Front Left
GU,Top Floor Front Left
GV,Top Floor Front Left
GW,Top Floor Front Left
GX,Top Floor Front Left
GY,Top Floor Front Left
GZ,Top Floor Front Left
HA,Top Floor Front Left
HB,Top Floor Front Left
HC,Top Floor Front Left
HD,Top Floor Front Left
HE,Top Floor Front Left
HF,Top Floor Front Left
HG,Top Floor Front Left
HH,Top Floor Front Left
HI,Top Floor Front Left
HJ,Top Floor Front Left
HM,Top Floor Back Left
HN,Top Floor Back Left
HO,Top Floor Back Left
HP,Top Floor Back Left
HQ,Top Floor Back Left
HR,Top Floor Back Left
HS,Top Floor Back Left
HT,Top Floor Back Left
HU,Top Floor Back Left
HV,Top Floor Back Left
HW,Top Floor Back Left
HX,Top Floor Back Left
HY,Top Floor Back Left
HZ,Top Floor Back Left
IA,Top Floor Back Left
IB,Top Floor Back Left
IC,Top Floor Back Left
ID,Top Floor Back Left
IE,Top Floor Back Left
IF,Top Floor Back Left
IG,Top Floor Back Left
IH,Top Floor Back Left
II,Top Floor Back Left
IJ,Top Floor Back Left
IK,Top Floor Back Left
IL,Top Floor Back Left
IM,Top Floor Back Left
IN,Top Floor Back Left
IO,Top Floor Back Left
IP,Top Floor Back Left
IQ,Top Floor Back Left
IR,Top Floor Back Left
IS,Top Floor Back Left
IT,Top Floor Back Left
IU,Top Floor Back Left
IV,Top Floor Back Left
IW,Top Floor Back Left
IX,Top Floor Back Left
IY,Top Floor Back Left
IZ,Top Floor Back Left
JA,Top Floor Back Left
JB,Top Floor Back Left
JC,Top Floor Back Left
JD,Top Floor Back Left
JE,Top Floor Back Left
JF,Top Floor Back Left
JG,Top Floor Back Left
JH,Top Floor Back Left
JI,Top Floor Back Left
JJ,Top Floor Back Left
JK,Top Floor Back Left
JL,Top Floor Back Left
JM,Top Floor Back Left
JN,Top Floor Back Left
JO,Top Floor Back Left
JP,Top Floor Back Left
JQ,Top Floor Back Left
JR,Top Floor Back Left
JS,Top Floor Back Left
JT,Top Floor Back Left
JU,Top Floor Back Left
JV,Top Floor Back Left
JW,Top Floor Back Left
LA,Top Floor Back Left
LB,Top Floor Back Left
LC,Top Floor Back Left
LD,Top Floor Back Left
LE,Top Floor Back Left
LF,Top Floor Back Left
LG,Top Floor Back Left
LH,Top Floor Back Left
LI,Top Floor Back Left
LJ,Top Floor Back Left
LK,Top Floor Back Left
LL,Top Floor Back Left
LM,Top Floor Back Left
LN,Top Floor Back Left
LO,Top Floor Back Left
LP,Top Floor Back Left
LQ,Top Floor Back Left
LR,Top Floor Back Left
LS,Top Floor Back Left
LT,Top Floor Back Left
LU,Top Floor Back Left
LV,Top Floor Back Left
LW,Top Floor Back Left
LX,Top Floor Back Left
LY,Top Floor Back Left
LZ,Top Floor Back Left
MA,Top Floor Back Left
MB,Top Floor Back Left
MC,Top Floor Back Left
MD,Top Floor Back Left
ME,Top Floor Back Left
MF,Top Floor Back Left
MG,Top Floor Back Left
MH,Top Floor Back Left
MI,Top Floor Back Left
MJ,Top Floor Back Left
MK,Top Floor Back Left
ML,Top Floor Back Left
MM,Top Floor Back Left
MN,Top Floor Back Left
MO,Top Floor Back Left
MP,Top Floor Back Left
MQ,Top Floor Back Left
MR,Top Floor Back Left
MS,Top Floor Back Left
MT,Top Floor Back Left
MU,Top Floor Back Left
MV,Top Floor Back Left
MW,Top Floor Back Left
MX,Top Floor Back Left
MY,Top Floor Back Left
MZ,Top Floor Back Left
NA,Top Floor Back Left
NB,Top Floor Back Left
NC,Top Floor Back Left
ND,Top Floor Back Left
NE,Top Floor Back Left
NF,Top Floor Back Left
NG,Top Floor Back Left
NH,Top Floor Back Left
NI,Top Floor Back Left
NJ,Top Floor Back Left
NK,Top Floor Back Left
NL,Top Floor Back Left
NM,Top Floor Back Left
NN,Top Floor Back Left
NO,Top Floor Back Left
NP,Top Floor Back Left
NQ,Top Floor Back Left
NR,Top Floor Back Left
NS,Top Floor Back Left
NT,Top Floor Back Left
NU,Top Floor Back Left
NV,Top Floor Back Left
NW,Top Floor Back Left
NX,Top Floor Back Left
PA,Top Floor Back Right
PB,Top Floor Back Right
PC,Top Floor Back Right
PD,Top Floor Back Right
PE,Top Floor Back Right
PF,Top Floor Back Right
PG,Top Floor Back Right
PH,Top Floor Back Right
PI,Top Floor Back Right
PJ,Top Floor Back Right
PK,Top Floor Back Right
PL,Top Floor Back Right
PM,Top Floor Back Right
PN,Top Floor Back Right
PO,Top Floor Back Right
PP,Top Floor Back Right
PQ,Top Floor Back Right
PR,Top Floor Back Right
PS,Top Floor Back Right
PT,Top Floor Back Right
PU,Top Floor Back Right
PV,Top Floor Back Right
PW,Top Floor Back Right
PX,Top Floor Back Right
PY,Top Floor Back Right
PZ,Top Floor Back Right
QA,Top Floor Front Right
QB,Top Floor Front Right
QC,Top Floor Front Right
QD,Top Floor Front Right
QE,Top Floor Front Right
QF,Top Floor Front Right
QG,Top Floor Front Right
QH,Top Floor Front Right
QI,Top Floor Front Right
QJ,Top Floor Front Right
QK,Top Floor Front Right
QL,Top Floor Front Right
QM,Top Floor Front Right
QN,Top Floor Front Right
QO,Top Floor Front Right
QP,Top Floor Front Right
QQ,Top Floor Front Right
QR,Top Floor Front Right
QS,Top Floor Front Right
QT,Top Floor Front Right
QU,Top Floor Front Right
QV,Top Floor Front Right
QW,Top Floor Front Right
QX,Top Floor Front Right
QY,Top Floor Front Right
QZ,Top Floor Front Right
RA,Top Floor Front Right
RB,Top Floor Front Right
RC,Top Floor Front Right
RD,Top Floor Front Right
RE,Top Floor Front Right
RF,Top Floor Front Right
RG,Top Floor Front Right
RH,Top Floor Front Right
RI,Top Floor Front Right
RJ,Top Floor Front Right
RK,Top Floor Front Right
RL,Top Floor Front Right
RM,Top Floor Front Right
RN,Top Floor Front Right
RO,Top Floor Front Right
RP,Top Floor Front Right
RQ,Top Floor Front Right
RR,Top Floor Front Right
RS,Top Floor Front Right
RT,Top Floor Front Right
RU,Top Floor Front Right
RV,Top Floor Front Right
RW,Top Floor Front Right
RX,Top Floor Front Right
RY,Top Floor Front Right
RZ,Top Floor Front Right
SA,Top Floor Front Right
SB,Top Floor Front Right
SC,Top Floor Front Right
SD,Top Floor Front Right
SE,Top Floor Front Right
SF,Top Floor Front Right
SG,Top Floor Front Right
SH,Top Floor Front Right
SI,Top Floor Front Right
SJ,Top Floor Front Right
SK,Top Floor Front Right
SL,Top Floor Front Right
SM,Top Floor Front Right
SN,Top Floor Front Right
SO,Top Floor Front Right
SP,Top Floor Front Right
SQ,Top Floor Front Right
SR,Top Floor Front Right
SS,Top Floor Front Right
ST,Top Floor Front Right
SU,Top Floor Front Right
SV,Top Floor Front Right
SW,Top Floor Front Right
SX,Top Floor Front Right
SY,Top Floor Front Right
SZ,Top Floor Front Right
TA,Top Floor Front Right
TB,Top Floor Front Right
TC,Top Floor Front Right
TD,Top Floor Front Right
TE,Top Floor Front Right
TF,Top Floor Front Right
TG,Top Floor Front Right
TH,Top Floor Front Right
TI,Top Floor Front Right
TJ,Top Floor Front Right
TK,Top Floor Front Right
TL,Top Floor Front Right
TM,Top Floor Front Right
TN,Top Floor Front Right
TO,Top Floor Front Right
TP,Top Floor Front Right
TQ,Top Floor Front Right
TR,Top Floor Front Right
TS,Top Floor Front Right
TT,Top Floor Front Right
TU,Top Floor Front Right
TV,Top Floor Front Right
TW,Top Floor Front Right
TX,Top Floor Front Right
TY,Top Floor Front Right
TZ,Top Floor Front Right
UA,Top Floor Front Right
UB,Top Floor Front Right
UC,Top Floor Front Right
UD,Top Floor Front Right
UE,Top Floor Front Right
UF,Top Floor Front Right
UG,Top Floor Front Right
UH,Top Floor Front Right
UI,Top Floor Front Right
UJ,Top Floor Front Right
UK,Top Floor Front Right
UL,Top Floor Front Right
UM,Top Floor Front Right
UN,Top Floor Front Right
UO,Top Floor Front Right
UP,Top Floor Front Right
UQ,Top Floor Front Right
UR,Top Floor Front Right
US,Top Floor Front Right
UT,Top Floor Front Right
UU,Top Floor Front Right
UV,Top Floor Front Right
UW,Top Floor Front Right
UX,Top Floor Front Right
UY,Top Floor Front Right
UZ,Top Floor Front Right
VA,Top Floor Front Right
VB,Top Floor Front Right
VC,Top Floor Front Right
VD,Top Floor Front Right
VE,Top Floor Front Right
VF,Top Floor Front Right
VG,Top Floor Front Right
VH,Top Floor Front Right
VI,Top Floor Front Right
VJ,Top Floor Front Right
VK,Top Floor Front Right
VL,Top Floor Front Right
VM,Top Floor Front Right
VN,Top Floor Front Right
VO,Top Floor Front Right
VP,Top Floor Front Right
VQ,Top Floor Front Right
VR,Top Floor Front Right
VS,Top Floor Front Right
VT,Top Floor Front Right
VU,Top Floor Front Right
VV,Top Floor Front Right
VW,Top Floor Front Right
VX,Top Floor Front Right
VY,Top Floor Front Right
VZ,Top Floor Front Right
